INSERT INTO Cliente VALUES
('m.rossi@studenti.boscogrigio.it', '$2y$10$V6/oqwDQRhKdFrpnm5AFBOAvVJosV67VCAWHkxTkNOQX8BWK6AEji', 'Marco', 'Rossi', '1A', 'Studente'), 
('e.verdi@studenti.boscogrigio.it', '$2y$10$V6/oqwDQRhKdFrpnm5AFBOAvVJosV67VCAWHkxTkNOQX8BWK6AEji', 'Elisa', 'Verdi', '1A', 'Studente'), 
('a.neri@studenti.boscogrigio.it', '$2y$10$V6/oqwDQRhKdFrpnm5AFBOAvVJosV67VCAWHkxTkNOQX8BWK6AEji', 'Anna', 'Neri', '1A', 'Studente'), 
('f.rossi@studenti.boscogrigio.it', '$2y$10$V6/oqwDQRhKdFrpnm5AFBOAvVJosV67VCAWHkxTkNOQX8BWK6AEji', 'Francesco', 'Rossi', '1A', 'Studente'), 
('l.bianchi@studenti.boscogrigio.it', '$2y$10$V6/oqwDQRhKdFrpnm5AFBOAvVJosV67VCAWHkxTkNOQX8BWK6AEji', 'Luca', 'Bianchi', '1A', 'Studente'), 

('e.verdi1@studenti.boscogrigio.it', '$2y$10$V6/oqwDQRhKdFrpnm5AFBOAvVJosV67VCAWHkxTkNOQX8BWK6AEji', 'Eleonora', 'Verdi', '2A', 'Studente'),
('m.rossi1@studenti.boscogrigio.it', '$2y$10$V6/oqwDQRhKdFrpnm5AFBOAvVJosV67VCAWHkxTkNOQX8BWK6AEji', 'Michele', 'Rossi', '2A', 'Studente'),
('a.sanna@studenti.boscogrigio.it', '$2y$10$V6/oqwDQRhKdFrpnm5AFBOAvVJosV67VCAWHkxTkNOQX8BWK6AEji', 'Alessandro', 'Sanna', '2A', 'Studente'),
('f.masala@studenti.boscogrigio.it', '$2y$10$V6/oqwDQRhKdFrpnm5AFBOAvVJosV67VCAWHkxTkNOQX8BWK6AEji', 'Flavio', 'Masala', '2A', 'Studente'),
('m.secchi@studenti.boscogrigio.it', '$2y$10$V6/oqwDQRhKdFrpnm5AFBOAvVJosV67VCAWHkxTkNOQX8BWK6AEji', 'Miriam', 'Secchi', '2A', 'Studente'),

('g.pinna@studenti.boscogrigio.it', '$2y$10$V6/oqwDQRhKdFrpnm5AFBOAvVJosV67VCAWHkxTkNOQX8BWK6AEji', 'Giorgio', 'Pinna', '3A', 'Studente'),
('g.manai@studenti.boscogrigio.it', '$2y$10$V6/oqwDQRhKdFrpnm5AFBOAvVJosV67VCAWHkxTkNOQX8BWK6AEji', 'Giancarlo', 'Manai', '3A', 'Studente'),
('m.neri@studenti.boscogrigio.it', '$2y$10$V6/oqwDQRhKdFrpnm5AFBOAvVJosV67VCAWHkxTkNOQX8BWK6AEji', 'Mario', 'Neri', '3A', 'Studente'),
('g.melis@studenti.boscogrigio.it', '$2y$10$V6/oqwDQRhKdFrpnm5AFBOAvVJosV67VCAWHkxTkNOQX8BWK6AEji', 'Giorgia', 'Melis', '3A', 'Studente'),
('a.sanna1@studenti.boscogrigio.it', '$2y$10$V6/oqwDQRhKdFrpnm5AFBOAvVJosV67VCAWHkxTkNOQX8BWK6AEji', 'Aurora', 'Sanna', '3A', 'Studente'),

('d.picciau@studenti.boscogrigio.it', '$2y$10$V6/oqwDQRhKdFrpnm5AFBOAvVJosV67VCAWHkxTkNOQX8BWK6AEji', 'Daniele', 'Picciau', '4A', 'Studente'),
('m.manai@studenti.boscogrigio.it', '$2y$10$V6/oqwDQRhKdFrpnm5AFBOAvVJosV67VCAWHkxTkNOQX8BWK6AEji', 'Monica', 'Manai', '4A', 'Studente'),
('m.pedoni@studenti.boscogrigio.it', '$2y$10$V6/oqwDQRhKdFrpnm5AFBOAvVJosV67VCAWHkxTkNOQX8BWK6AEji', 'Matteo', 'Pedoni', '4A', 'Studente'),
('a.fiori@studenti.boscogrigio.it', '$2y$10$V6/oqwDQRhKdFrpnm5AFBOAvVJosV67VCAWHkxTkNOQX8BWK6AEji', 'Andrea', 'Fiori', '4A', 'Studente'),
('d.perazzona@studenti.boscogrigio.it', '$2y$10$V6/oqwDQRhKdFrpnm5AFBOAvVJosV67VCAWHkxTkNOQX8BWK6AEji', 'Diego', 'Perazzona', '4A', 'Studente'),

('a.sanna2@studenti.boscogrigio.it', '$2y$10$V6/oqwDQRhKdFrpnm5AFBOAvVJosV67VCAWHkxTkNOQX8BWK6AEji', 'Anna', 'Sanna', '5A', 'Studente'),
('f.ruiu@studenti.boscogrigio.it', '$2y$10$V6/oqwDQRhKdFrpnm5AFBOAvVJosV67VCAWHkxTkNOQX8BWK6AEji', 'Franco', 'Ruiu', '5A', 'Studente'),
('g.bianchi@studenti.boscogrigio.it', '$2y$10$V6/oqwDQRhKdFrpnm5AFBOAvVJosV67VCAWHkxTkNOQX8BWK6AEji', 'Giacomo', 'Bianchi', '5A', 'Studente'),
('g.esposito@studenti.boscogrigio.it', '$2y$10$V6/oqwDQRhKdFrpnm5AFBOAvVJosV67VCAWHkxTkNOQX8BWK6AEji', 'Giulia', 'Esposito', '5A', 'Studente'),
('a.leonardi@studenti.boscogrigio.it', '$2y$10$V6/oqwDQRhKdFrpnm5AFBOAvVJosV67VCAWHkxTkNOQX8BWK6AEji', 'Azzurra', 'Leonardi', '5A', 'Studente'),

('l.bianchi@boscogrigio.it', '$2y$10$V6/oqwDQRhKdFrpnm5AFBOAvVJosV67VCAWHkxTkNOQX8BWK6AEji', 'Luca', 'Bianchi', 'Aula docenti', 'Personale-Docente'),
('l.riva@boscogrigio.it', '$2y$10$V6/oqwDQRhKdFrpnm5AFBOAvVJosV67VCAWHkxTkNOQX8BWK6AEji', 'Lorenzo', 'Riva', 'Aula docenti', 'Personale-Docente'),
('l.sanna@boscogrigio.it', '$2y$10$V6/oqwDQRhKdFrpnm5AFBOAvVJosV67VCAWHkxTkNOQX8BWK6AEji', 'Lucrezia', 'Sanna', 'Aula docenti', 'Personale-Docente'),
('a.lagorio@boscogrigio.it', '$2y$10$V6/oqwDQRhKdFrpnm5AFBOAvVJosV67VCAWHkxTkNOQX8BWK6AEji', 'Andrea', 'Lagorio', 'Aula docenti', 'Personale-Docente'),
('r.delussu@boscogrigio.it', '$2y$10$V6/oqwDQRhKdFrpnm5AFBOAvVJosV67VCAWHkxTkNOQX8BWK6AEji', 'Rita', 'Delussu', 'Aula docenti', 'Personale-Docente'),

('g.delogu@boscogrigio.it', '$2y$10$V6/oqwDQRhKdFrpnm5AFBOAvVJosV67VCAWHkxTkNOQX8BWK6AEji', 'Grazia', 'Delogu', 'Segreteria centrale', 'Personale-Ata'),
('g.meloni@boscogrigio.it', '$2y$10$V6/oqwDQRhKdFrpnm5AFBOAvVJosV67VCAWHkxTkNOQX8BWK6AEji', 'Giorgia', 'Meloni', 'Segreteria-1P', 'Personale-Ata'),
('m.salvini@boscogrigio.it', '$2y$10$V6/oqwDQRhKdFrpnm5AFBOAvVJosV67VCAWHkxTkNOQX8BWK6AEji', 'Matteo', 'Salvini', 'Segreteria-2P', 'Personale-Ata'),

('l.brodo@boscogrigio.it', '$2y$10$V6/oqwDQRhKdFrpnm5AFBOAvVJosV67VCAWHkxTkNOQX8BWK6AEji', 'Linda', 'Brodo', 'Segreteria centrale', 'Personale-Segreteria'),
('l.ghiani@boscogrigio.it', '$2y$10$V6/oqwDQRhKdFrpnm5AFBOAvVJosV67VCAWHkxTkNOQX8BWK6AEji', 'Luca', 'Ghiani', 'Segreteria centrale', 'Personale-Segreteria');

INSERT INTO Operatore VALUES
(1,'c.ricci@owlbreak.it', '$2y$10$V6/oqwDQRhKdFrpnm5AFBOAvVJosV67VCAWHkxTkNOQX8BWK6AEji', 'Cristina', 'Ricci', 'Titolare'), 
(2,'m.cau@owlbreak.it', '$2y$10$V6/oqwDQRhKdFrpnm5AFBOAvVJosV67VCAWHkxTkNOQX8BWK6AEji', 'Michela', 'Cau', 'Addetto-Consegne'),
(3,'m.ferrari@owlbreak.it', '$2y$10$V6/oqwDQRhKdFrpnm5AFBOAvVJosV67VCAWHkxTkNOQX8BWK6AEji', 'Marco', 'Ferrari', 'Addetto-Vendite'),
(4,'m.romano@owlbreak.it', '$2y$10$V6/oqwDQRhKdFrpnm5AFBOAvVJosV67VCAWHkxTkNOQX8BWK6AEji', 'Maria Grazia', 'Romano', 'Addetto-Vendite'),
(5,'e.serra@owlbreak.it', '$2y$10$V6/oqwDQRhKdFrpnm5AFBOAvVJosV67VCAWHkxTkNOQX8BWK6AEji', 'Elena', 'Serra', 'Addetto-Consegne');

INSERT INTO Fornitore VALUES
(100, 'Giovanni Deiana', 'Forno San Marco','info.consegne@fornosanmarco.it', '$2y$10$V6/oqwDQRhKdFrpnm5AFBOAvVJosV67VCAWHkxTkNOQX8BWK6AEji'),
(101, 'Antonella Piras', 'Salumi&Sapori','salumi.sapori@gmail.com', '$2y$10$V6/oqwDQRhKdFrpnm5AFBOAvVJosV67VCAWHkxTkNOQX8BWK6AEji'),
(102, 'Raffaella Conti', 'La Delizia S.r.l.','info@ladelizia.it', '$2y$10$V6/oqwDQRhKdFrpnm5AFBOAvVJosV67VCAWHkxTkNOQX8BWK6AEji'),
(103, 'Domenico Ferri', 'SnackItalia S.r.l.','info_consegne@snackitalia.it', '$2y$10$V6/oqwDQRhKdFrpnm5AFBOAvVJosV67VCAWHkxTkNOQX8BWK6AEji'),
(104, 'Mariangela Lai', 'Brio Distribuzioni','consegne.bevande@briodistribuzioni.it', '$2y$10$V6/oqwDQRhKdFrpnm5AFBOAvVJosV67VCAWHkxTkNOQX8BWK6AEji');

INSERT INTO Ingrediente VALUES
('Acqua naturale', '', 1500),
('Acqua gasata', '', 1500),
('Coca Cola', '', 1000),
('Fanta', '', 1000),
('The freddo limone', '', 1000),
('The freddo pesca', '', 1000),
('The freddo verde', '', 1000),
('Caffè macinato', '', 100),
('Latte intero', 'Latte', 1000),
('Polvere ginseng', '', 100),
('Foglie di the', '', 50),
('Arance', '', 500),
('Succo di pera', '', 1000),
('Succo di pesca', '', 1000),
('Succo ACE', '', 1000),

('Pane per panini', 'Glutine, Uova', 800),
('Prosciutto cotto', '', 250),
('Salame', '', 250),
('Mortadella', 'Latte', 200),
('Prosciutto crudo', '', 250),
('Fontina', 'Latte', 300),

('Maionese', 'Uova, Senape', 200),
('Ketchup', '', 150),
('Salsa rosa', 'Uova', 150),
('Senape', 'Senape', 150),

('Muffin al cioccolato', 'Glutine, Uova, Latte, Soia', 50),
('Muffin con gocce di cioccolato', 'Glutine, Uova, Latte, Soia', 50),
('Muffin classico', 'Glutine, Uova, Latte', 50),
('Pizzetta sfoglia cagliaritana', 'Glutine', 50),
('Crostata alle mele', 'Glutine, Uova, Latte', 40),
('Crostata alla Nutella', 'Glutine, Uova, Latte, Frutta a guscio', 40),
('Torta allo yogurt', 'Glutine, Latte, Uova', 50),
('Torta di mele', 'Glutine, Latte, Uova', 40),
('Torta al cioccolato', 'Glutine, Latte, Uova, Soia', 50),
('Cornetto alla marmellata', 'Glutine, Latte, Uova', 100),
('Cornetto al cioccolato', 'Glutine, Latte, Uova, Soia', 100),
('Cornetto al pistacchio', 'Glutine, Latte, Uova, Frutta a guscio', 100),
('Cornetto alla crema', 'Glutine, Latte, Uova', 100),
('Cornetto ai frutti di bosco', 'Glutine, Latte, Uova', 100),
('Frittella con buco', 'Glutine, Latte, Uova', 100),
('Frittella alla crema', 'Glutine, Latte, Uova', 100),

('Patatine classiche', '', 100),
('Patatine rustiche', '', 100),
('Patatine alla paprika', '', 100),
('Patatine piccanti', '', 100),
('Croccantelle gusto pizza', 'Glutine', 100),
('Croccantelle gusto bacon', 'Glutine', 100),
('Schiacciatine al rosmarino', 'Glutine', 100),
('Schiacciatine alle olive', 'Glutine', 100),
('Pringles classiche', '', 100),
('Pringles piccanti', '', 100),
('Cingomme AIR', '', 50),
('Cingomme Vivident', '', 50),
('Big Bubbles', '', 50),
('Chupachups assortiti', '', 50);

INSERT INTO Prodotto VALUES
('Acqua naturale', 0.50, TRUE),
('Acqua gasata', 0.60, TRUE),
('Coca Cola', 1.50, TRUE),
('Fanta', 1.50, TRUE),
('The freddo limone', 1.50, TRUE),
('The freddo pesca', 1.50, TRUE),
('The freddo verde', 1.50, TRUE),
('Caffè espresso', 1.00, TRUE),
('Caffè macchiato', 1.20, TRUE),
('Ginseng', 1.20, TRUE),
('Latte macchiato', 1.50, TRUE),
('The caldo', 1.20, TRUE),
('Succo pera', 1.50, TRUE),
('Succo pesca', 1.50, TRUE),
('Succo ACE', 1.50, TRUE),
('Spremuta d\'arancia', 2.00, TRUE),

('Panino al prosciutto cotto', 1.50, TRUE),
('Panino al prosciutto cotto con fontina', 1.80, TRUE),
('Panino al salame', 1.50, TRUE),
('Panino al salame con fontina', 1.80, TRUE),
('Panino con mortadella', 1.30, TRUE),
('Panino con mortadella e fontina', 1.60, TRUE),
('Panino con prosciutto crudo', 1.70, TRUE),
('Panino con prosciutto crudo e fontina', 2.00, TRUE),

('Salsa senape', 0.20, TRUE),
('Salsa maionese', 0.20, TRUE),
('Salsa rosa', 0.20, TRUE),
('Salsa ketchup', 0.20, TRUE),

('Muffin al cioccolato', 1.50, TRUE),
('Muffin con gocce di cioccolato', 1.50, TRUE),
('Muffin classico', 1.30, TRUE),
('Pizzetta sfoglia cagliaritana', 1.80, TRUE),
('Crostata alle mele', 1.80, TRUE),
('Crostata alla Nutella', 2.00, TRUE),
('Torta allo yogurt', 2.00, TRUE),
('Torta di mele', 2.00, TRUE),
('Torta al cioccolato', 2.00, TRUE),
('Cornetto alla marmellata', 1.20, TRUE),
('Cornetto al cioccolato', 1.20, TRUE),
('Cornetto al pistacchio', 1.30, TRUE),
('Cornetto alla crema', 1.20, TRUE),
('Cornetto ai frutti di bosco', 1.20, TRUE),
('Frittella con buco', 1.00, TRUE),
('Frittella alla crema', 1.20, TRUE),

('Patatine classiche', 1.00, TRUE),
('Patatine rustiche', 1.00, TRUE),
('Patatine alla paprika', 1.00, TRUE),
('Patatine piccanti', 1.00, TRUE),
('Croccantelle gusto pizza', 0.80, TRUE),
('Croccantelle gusto bacon', 0.80, TRUE),
('Schiacciatine al rosmarino', 0.90, TRUE),
('Schiacciatine alle olive', 0.90, TRUE),
('Pringles classiche', 1.20, TRUE),
('Pringles piccanti', 1.20, TRUE),
('Cingomme AIR', 0.60, TRUE),
('Cingomme Vivident', 0.60, TRUE),
('Big Bubbles', 0.70, TRUE),
('Chupachups assortiti', 0.50, TRUE);

INSERT INTO Composizione VALUES
('Acqua naturale', 'Acqua naturale'),
('Acqua gasata', 'Acqua gasata'),
('Coca Cola', 'Coca Cola'),
('Fanta', 'Fanta'),
('The freddo limone', 'The freddo limone'),
('The freddo pesca', 'The freddo pesca'),
('The freddo verde', 'The freddo verde'),
('Succo pera', 'Succo pera'),
('Succo pesca', 'Succo pesca'),
('Succo ACE', 'Succo ACE'),
('Spremuta d\'arancia', 'Arance'),
('The caldo', 'Foglie di the'),
('The caldo', 'Acqua naturale'),
('Caffè espresso', 'Caffè macinato'),
('Caffè macchiato', 'Caffè macinato'),
('Caffè macchiato', 'Latte intero'),
('Latte macchiato', 'Latte intero'),
('Latte macchiato', 'Caffè macinato'),
('Ginseng', 'Polvere ginseng'),
('Ginseng', 'Latte intero'),

('Panino al prosciutto cotto', 'Pane per panini'),
('Panino al prosciutto cotto', 'Prosciutto cotto'),
('Panino al prosciutto cotto con fontina', 'Pane per panini'),
('Panino al prosciutto cotto con fontina', 'Prosciutto cotto'),
('Panino al prosciutto cotto con fontina', 'Fontina'),

('Panino al salame', 'Pane per panini'),
('Panino al salame', 'Salame'),
('Panino al salame con fontina', 'Pane per panini'),
('Panino al salame con fontina', 'Salame'),
('Panino al salame con fontina', 'Fontina'),

('Panino con mortadella', 'Pane per panini'),
('Panino con mortadella', 'Mortadella'),
('Panino con mortadella e fontina', 'Pane per panini'),
('Panino con mortadella e fontina', 'Mortadella'),
('Panino con mortadella e fontina', 'Fontina'),

('Panino con prosciutto crudo', 'Pane per panini'),
('Panino con prosciutto crudo', 'Prosciutto crudo'),
('Panino con prosciutto crudo e fontina', 'Pane per panini'),
('Panino con prosciutto crudo e fontina', 'Prosciutto crudo'),
('Panino con prosciutto crudo e fontina', 'Fontina'),

('Salsa senape', 'Senape'),
('Salsa maionese', 'Maionese'),
('Salsa rosa', 'Salsa rosa'),
('Salsa ketchup', 'Ketchup'),

('Muffin al cioccolato', 'Muffin al cioccolato'),
('Muffin con gocce di cioccolato', 'Muffin con gocce di cioccolato'),
('Muffin classico', 'Muffin classico'),
('Pizzetta sfoglia cagliaritana', 'Pizzetta sfoglia cagliaritana'),
('Crostata alle mele', 'Crostata alle mele'),
('Crostata alla Nutella', 'Crostata alla Nutella'),
('Torta allo yogurt', 'Torta allo yogurt'),
('Torta di mele', 'Torta di mele'),
('Torta al cioccolato', 'Torta al cioccolato'),
('Cornetto alla marmellata', 'Cornetto alla marmellata'),
('Cornetto al cioccolato', 'Cornetto al cioccolato'),
('Cornetto al pistacchio', 'Cornetto al pistacchio'),
('Cornetto alla crema', 'Cornetto alla crema'),
('Cornetto ai frutti di bosco', 'Cornetto ai frutti di bosco'),
('Frittella con buco', 'Frittella con buco'),
('Frittella alla crema', 'Frittella alla crema'),

('Patatine classiche', 'Patatine classiche'),
('Patatine rustiche', 'Patatine rustiche'),
('Patatine alla paprika', 'Patatine alla paprika'),
('Patatine piccanti', 'Patatine piccanti'),
('Croccantelle gusto pizza', 'Croccantelle gusto pizza'),
('Croccantelle gusto bacon', 'Croccantelle gusto bacon'),
('Schiacciatine al rosmarino', 'Schiacciatine al rosmarino'),
('Schiacciatine alle olive', 'Schiacciatine alle olive'),
('Pringles classiche', 'Pringles classiche'),
('Pringles piccanti', 'Pringles piccanti'),
('Cingomme AIR', 'Cingomme AIR'),
('Cingomme Vivident', 'Cingomme Vivident'),
('Big Bubbles', 'Big Bubbles'),
('Chupachups assortiti', 'Chupachups assortiti');